Workbook

Sheet Evaluación piloto
A1: ID | B1: Dimension | C1: Topic | D1: Difficulty | E1: G1 | F1: G2 | G1: G3 | H1: G4 | I1: G5 | J1: G6 | K1: G7 | L1: G8 | M1: Q1 | N1: Q2 | O1: Q3 | P1: Q4 | Q1: Q5 | R1: Q6 | S1: Q7 | T1: Q8 | U1: Q9 | V1: Q Total | W1: Q Máx. | X1: Score % | Y1: Decisión sugerida | Z1: Decisión final | AA1: Notas | AB1: Reviewer | AC1: Fecha
A2: PSY-001 | B2: knowledge | C2: memoria y sugestibilidad | D2: easy | E2: ACCEPT | F2: ACCEPT | G2: ACCEPT | H2: ACCEPT | I2: ACCEPT | J2: ACCEPT | K2: ACCEPT | L2: ACCEPT | M2: 2 | N2: 2 | O2: 1 | P2: 2 | Q2: 2 | R2: 2 | S2: 2 | T2: 1 | U2: 2 | V2: =SUM(M2:S2,IF(ISNUMBER(T2),T2,0),U2) -> 16 | W2: =COUNT(M2:U2)*2 -> 18 | X2: =IF(W2=0,"",V2/W2) -> 0.88888889 | Y2: =IF(COUNTIF(E2:L2,"REJECT")>0,"REJECT",IF(COUNTIF(E2:L2,"REVISE")>0,"REVISE",IF(W2=0,"",IF(OR(AND(ISNUMBER(M2),M2=0),AND(ISNUMBER(N2),N2=0),AND(ISNUMBER(O2),O2=0),AND(ISNUMBER(P2),P2=0)),"REVISE",IF(X2>=16/18,"ACCEPT",IF(X2>=14/18,"REVISE","REJECT")))))) -> ACCEPT | Z2: ACCEPT | AA2: Todos los gates cumplen. Q3=1: definir el efecto de desinformación es en buena parte recuperación, aunque exigir mecanismo + ejemplo añade algo de discriminación. Q8=1: Loftus & Palmer (1974) es el estudio de preguntas sugerentes; fuente algo antigua. (Loftus et al., 1978, o Loftus, 2005 serían más directas). | AB2: De acuerdo con la revisión del modelo Opus 5
A3: PSY-002 | B3: knowledge | C3: memoria de trabajo | D3: medium | E3: ACCEPT | F3: ACCEPT | G3: ACCEPT | H3: ACCEPT | I3: ACCEPT | J3: ACCEPT | K3: ACCEPT | L3: ACCEPT | M3: 2 | N3: 2 | O3: 1 | P3: 2 | Q3: 2 | R3: 2 | S3: 2 | T3: 1 | U3: 2 | V3: =SUM(M3:S3,IF(ISNUMBER(T3),T3,0),U3) -> 16 | W3: =COUNT(M3:U3)*2 -> 18 | X3: =IF(W3=0,"",V3/W3) -> 0.88888889 | Y3: =IF(COUNTIF(E3:L3,"REJECT")>0,"REJECT",IF(COUNTIF(E3:L3,"REVISE")>0,"REVISE",IF(W3=0,"",IF(OR(AND(ISNUMBER(M3),M3=0),AND(ISNUMBER(N3),N3=0),AND(ISNUMBER(O3),O3=0),AND(ISNUMBER(P3),P3=0)),"REVISE",IF(X3>=16/18,"ACCEPT",IF(X3>=14/18,"REVISE","REJECT")))))) -> ACCEPT | Z3: ACCEPT | AA3: Gates OK. Q3=1: la distinción control atencional / almacenamiento es recuperable para casi cualquier LLM actual. Q8=1: Baddeley (2000) versa sobre el buffer episódico; sostiene el modelo pero no es la fuente más directa para el ejecutivo central (Baddeley & Hitch, 1974). Los criterios no contemplan el buffer episódico como cuarto componente. | AB3: De acuerdo con la revisión del modelo Opus 5
A4: PSY-003 | B4: knowledge | C4: efecto de espaciamiento | D4: medium | E4: ACCEPT | F4: ACCEPT | G4: ACCEPT | H4: ACCEPT | I4: ACCEPT | J4: ACCEPT | K4: ACCEPT | L4: ACCEPT | M4: 2 | N4: 2 | O4: 1 | P4: 2 | Q4: 2 | R4: 2 | S4: 1 | T4: 2 | U4: 2 | V4: =SUM(M4:S4,IF(ISNUMBER(T4),T4,0),U4) -> 16 | W4: =COUNT(M4:U4)*2 -> 18 | X4: =IF(W4=0,"",V4/W4) -> 0.88888889 | Y4: =IF(COUNTIF(E4:L4,"REJECT")>0,"REJECT",IF(COUNTIF(E4:L4,"REVISE")>0,"REVISE",IF(W4=0,"",IF(OR(AND(ISNUMBER(M4),M4=0),AND(ISNUMBER(N4),N4=0),AND(ISNUMBER(O4),O4=0),AND(ISNUMBER(P4),P4=0)),"REVISE",IF(X4>=16/18,"ACCEPT",IF(X4>=14/18,"REVISE","REJECT")))))) -> ACCEPT | Z4: ACCEPT | AA4: Gates OK. Q3=1: recuperación conceptual con matiz de condicionalidad. Q7=1: redundancia temática con PSY-008, que usa el mismo fenómeno (espaciamiento); se sostienen ambos porque la demanda cognitiva difiere (definir vs predecir). Q8=2: Cepeda et al. (2006) respalda directamente. | AB4: De acuerdo con la revisión del modelo Opus 5
A5: PSY-004 | B5: knowledge | C5: efecto Stroop | D5: easy | E5: ACCEPT | F5: ACCEPT | G5: ACCEPT | H5: ACCEPT | I5: ACCEPT | J5: ACCEPT | K5: ACCEPT | L5: ACCEPT | M5: 2 | N5: 2 | O5: 0 | P5: 2 | Q5: 2 | R5: 2 | S5: 2 | T5: 2 | U5: 2 | V5: =SUM(M5:S5,IF(ISNUMBER(T5),T5,0),U5) -> 16 | W5: =COUNT(M5:U5)*2 -> 18 | X5: =IF(W5=0,"",V5/W5) -> 0.88888889 | Y5: =IF(COUNTIF(E5:L5,"REJECT")>0,"REJECT",IF(COUNTIF(E5:L5,"REVISE")>0,"REVISE",IF(W5=0,"",IF(OR(AND(ISNUMBER(M5),M5=0),AND(ISNUMBER(N5),N5=0),AND(ISNUMBER(O5),O5=0),AND(ISNUMBER(P5),P5=0)),"REVISE",IF(X5>=16/18,"ACCEPT",IF(X5>=14/18,"REVISE","REJECT")))))) -> REVISE | Z5: REVISE | AA5: Gates OK. Q3=0: definir el efecto Stroop y el conflicto tinta/palabra es trivial para cualquier LLM moderno competente. RUBRIC_ISSUE: la sección 6 de la rúbrica prohíbe ACCEPT con Q3=0, pero la fórmula de 'Decisión sugerida' no implementa esa regla y devuelve ACCEPT con 16 puntos. Requiere decisión manual del revisor. | AB5: De acuerdo con la revisión del modelo Opus 5
A6: PSY-005 | B6: knowledge | C6: personalidad / Cinco Grandes | D6: medium | E6: ACCEPT | F6: ACCEPT | G6: ACCEPT | H6: ACCEPT | I6: ACCEPT | J6: ACCEPT | K6: ACCEPT | L6: ACCEPT | M6: 2 | N6: 2 | O6: 1 | P6: 2 | Q6: 2 | R6: 1 | S6: 2 | T6: 2 | U6: 2 | V6: =SUM(M6:S6,IF(ISNUMBER(T6),T6,0),U6) -> 16 | W6: =COUNT(M6:U6)*2 -> 18 | X6: =IF(W6=0,"",V6/W6) -> 0.88888889 | Y6: =IF(COUNTIF(E6:L6,"REJECT")>0,"REJECT",IF(COUNTIF(E6:L6,"REVISE")>0,"REVISE",IF(W6=0,"",IF(OR(AND(ISNUMBER(M6),M6=0),AND(ISNUMBER(N6),N6=0),AND(ISNUMBER(O6),O6=0),AND(ISNUMBER(P6),P6=0)),"REVISE",IF(X6>=16/18,"ACCEPT",IF(X6>=14/18,"REVISE","REJECT")))))) -> ACCEPT | Z6: ACCEPT | AA6: Gates OK. Q3=1: enumerar los Cinco Grandes es recuperación; el matiz dimensiones ≠ categorías diagnósticas aporta algo. Q6=1: la tarea es recuerdo más definición breve, más próxima a 'easy' que a 'medium'. Q8=2 (John, Naumann & Soto, 2008). | AB6: De acuerdo con la revisión del modelo Opus 5
A7: PSY-006 | B7: knowledge | C7: teoría de la autodeterminación | D7: medium | E7: ACCEPT | F7: ACCEPT | G7: ACCEPT | H7: ACCEPT | I7: ACCEPT | J7: ACCEPT | K7: ACCEPT | L7: ACCEPT | M7: 2 | N7: 2 | O7: 1 | P7: 2 | Q7: 2 | R7: 1 | S7: 1 | T7: 2 | U7: 2 | V7: =SUM(M7:S7,IF(ISNUMBER(T7),T7,0),U7) -> 15 | W7: =COUNT(M7:U7)*2 -> 18 | X7: =IF(W7=0,"",V7/W7) -> 0.83333333 | Y7: =IF(COUNTIF(E7:L7,"REJECT")>0,"REJECT",IF(COUNTIF(E7:L7,"REVISE")>0,"REVISE",IF(W7=0,"",IF(OR(AND(ISNUMBER(M7),M7=0),AND(ISNUMBER(N7),N7=0),AND(ISNUMBER(O7),O7=0),AND(ISNUMBER(P7),P7=0)),"REVISE",IF(X7>=16/18,"ACCEPT",IF(X7>=14/18,"REVISE","REJECT")))))) -> REVISE | Z7: REVISE | AA7: Gates OK. Q3=1 y Q6=1 por el mismo motivo que PSY-005: enumerar y definir tres necesidades es recuperación etiquetada como 'medium'. Q7=1: la teoría de la autodeterminación aparece en cuatro ítems (PSY-006, PSY-010, PSY-017, PSY-029); es el marco más sobrerrepresentado del piloto, en tensión con el equilibrio exigido en la sección 11. | AB7: De acuerdo con la revisión del modelo Opus 5
A8: PSY-007 | B8: reasoning | C8: refuerzo y castigo | D8: medium | E8: ACCEPT | F8: ACCEPT | G8: ACCEPT | H8: ACCEPT | I8: ACCEPT | J8: ACCEPT | K8: ACCEPT | L8: ACCEPT | M8: 2 | N8: 2 | O8: 2 | P8: 2 | Q8: 2 | R8: 2 | S8: 1 | T8: NA | U8: 2 | V8: =SUM(M8:S8,IF(ISNUMBER(T8),T8,0),U8) -> 15 | W8: =COUNT(M8:U8)*2 -> 16 | X8: =IF(W8=0,"",V8/W8) -> 0.9375 | Y8: =IF(COUNTIF(E8:L8,"REJECT")>0,"REJECT",IF(COUNTIF(E8:L8,"REVISE")>0,"REVISE",IF(W8=0,"",IF(OR(AND(ISNUMBER(M8),M8=0),AND(ISNUMBER(N8),N8=0),AND(ISNUMBER(O8),O8=0),AND(ISNUMBER(P8),P8=0)),"REVISE",IF(X8>=16/18,"ACCEPT",IF(X8>=14/18,"REVISE","REJECT")))))) -> ACCEPT | Z8: ACCEPT | AA8: Gates OK. Q7=1: comparte escenario de aula y estructura (caso → identificar proceso → justificar) con PSY-010. Q8=NA: el ítem declara que no requiere fuente externa. RUBRIC_ISSUE (umbral/NA): con Q8=NA el máximo baja a 16, pero los umbrales siguen fijos en 16/14, así que un ítem sin fuente necesita 16/16 perfecto para ACCEPT. Aquí 15/16 (94 %) sale REVISE por artefacto de cálculo, no por calidad. | AB8: De acuerdo con la revisión del modelo Opus 5
A9: PSY-008 | B9: reasoning | C9: memoria / espaciado | D9: medium | E9: ACCEPT | F9: ACCEPT | G9: ACCEPT | H9: ACCEPT | I9: ACCEPT | J9: ACCEPT | K9: ACCEPT | L9: ACCEPT | M9: 2 | N9: 2 | O9: 1 | P9: 2 | Q9: 2 | R9: 2 | S9: 1 | T9: 2 | U9: 2 | V9: =SUM(M9:S9,IF(ISNUMBER(T9),T9,0),U9) -> 16 | W9: =COUNT(M9:U9)*2 -> 18 | X9: =IF(W9=0,"",V9/W9) -> 0.88888889 | Y9: =IF(COUNTIF(E9:L9,"REJECT")>0,"REJECT",IF(COUNTIF(E9:L9,"REVISE")>0,"REVISE",IF(W9=0,"",IF(OR(AND(ISNUMBER(M9),M9=0),AND(ISNUMBER(N9),N9=0),AND(ISNUMBER(O9),O9=0),AND(ISNUMBER(P9),P9=0)),"REVISE",IF(X9>=16/18,"ACCEPT",IF(X9>=14/18,"REVISE","REJECT")))))) -> ACCEPT | Z9: ACCEPT | AA9: Gates OK. Q3=1: la predicción del efecto de espaciamiento es muy estándar y la resuelven también modelos débiles. Q7=1: mismo fenómeno que PSY-003 (ver nota de ese ítem). Q8=2: Cepeda et al. (2006). | AB9: De acuerdo con la revisión del modelo Opus 5
A10: PSY-009 | B10: reasoning | C10: correlación y causalidad | D10: medium | E10: ACCEPT | F10: ACCEPT | G10: REVISE | H10: ACCEPT | I10: ACCEPT | J10: ACCEPT | K10: ACCEPT | L10: ACCEPT | M10: 1 | N10: 2 | O10: 1 | P10: 2 | Q10: 2 | R10: 1 | S10: 1 | T10: NA | U10: 2 | V10: =SUM(M10:S10,IF(ISNUMBER(T10),T10,0),U10) -> 12 | W10: =COUNT(M10:U10)*2 -> 16 | X10: =IF(W10=0,"",V10/W10) -> 0.75 | Y10: =IF(COUNTIF(E10:L10,"REJECT")>0,"REJECT",IF(COUNTIF(E10:L10,"REVISE")>0,"REVISE",IF(W10=0,"",IF(OR(AND(ISNUMBER(M10),M10=0),AND(ISNUMBER(N10),N10=0),AND(ISNUMBER(O10),O10=0),AND(ISNUMBER(P10),P10=0)),"REVISE",IF(X10>=16/18,"ACCEPT",IF(X10>=14/18,"REVISE","REJECT")))))) -> REVISE | Z10: REVISE | AA10: G3=REVISE: declarado 'reasoning', pero la tarea ('qué puede y qué no puede inferirse') responde a la estructura de uncertainty (sección 7.4) y a crítica metodológica (7.3); la frontera entre dimensiones no está operativizada en la rúbrica. Q6=1: el JSON lo marca 'hard' y la plantilla 'medium' (discrepancia de metadatos); la demanda real es media. Q7=1 frente a PSY-020 y PSY-026. Q8=NA → RUBRIC_ISSUE (umbral/NA, ver PSY-007). | AB10: De acuerdo con la revisión del modelo Opus 5
A11: PSY-010 | B11: reasoning | C11: autodeterminación / necesidades psicológicas | D11: medium | E11: ACCEPT | F11: ACCEPT | G11: ACCEPT | H11: ACCEPT | I11: ACCEPT | J11: ACCEPT | K11: ACCEPT | L11: ACCEPT | M11: 2 | N11: 2 | O11: 1 | P11: 2 | Q11: 2 | R11: 2 | S11: 1 | T11: 2 | U11: 2 | V11: =SUM(M11:S11,IF(ISNUMBER(T11),T11,0),U11) -> 16 | W11: =COUNT(M11:U11)*2 -> 18 | X11: =IF(W11=0,"",V11/W11) -> 0.88888889 | Y11: =IF(COUNTIF(E11:L11,"REJECT")>0,"REJECT",IF(COUNTIF(E11:L11,"REVISE")>0,"REVISE",IF(W11=0,"",IF(OR(AND(ISNUMBER(M11),M11=0),AND(ISNUMBER(N11),N11=0),AND(ISNUMBER(O11),O11=0),AND(ISNUMBER(P11),P11=0)),"REVISE",IF(X11>=16/18,"ACCEPT",IF(X11>=14/18,"REVISE","REJECT")))))) -> ACCEPT | Z11: ACCEPT | AA11: Gates OK. Q3=1: identificar autonomía ante una situación de elección es directo. Q7=1: escenario docente prácticamente calcado del de PSY-007 (elegir tema de trabajo) y saturación de la teoría de la autodeterminación (PSY-006, PSY-017, PSY-029). Q8=2. | AB11: De acuerdo con la revisión del modelo Opus 5
A12: PSY-011 | B12: reasoning | C12: apego y causalidad | D12: hard | E12: ACCEPT | F12: ACCEPT | G12: ACCEPT | H12: ACCEPT | I12: ACCEPT | J12: ACCEPT | K12: ACCEPT | L12: ACCEPT | M12: 2 | N12: 2 | O12: 2 | P12: 2 | Q12: 2 | R12: 2 | S12: 1 | T12: 1 | U12: 2 | V12: =SUM(M12:S12,IF(ISNUMBER(T12),T12,0),U12) -> 16 | W12: =COUNT(M12:U12)*2 -> 18 | X12: =IF(W12=0,"",V12/W12) -> 0.88888889 | Y12: =IF(COUNTIF(E12:L12,"REJECT")>0,"REJECT",IF(COUNTIF(E12:L12,"REVISE")>0,"REVISE",IF(W12=0,"",IF(OR(AND(ISNUMBER(M12),M12=0),AND(ISNUMBER(N12),N12=0),AND(ISNUMBER(O12),O12=0),AND(ISNUMBER(P12),P12=0)),"REVISE",IF(X12>=16/18,"ACCEPT",IF(X12>=14/18,"REVISE","REJECT")))))) -> ACCEPT | Z12: ACCEPT | AA12: Gates OK. Q3=2: exige distinguir precedencia temporal necesaria vs suficiente e introducir bidireccionalidad o confusión. Q7=1: comparte núcleo de atribución causal con PSY-024. Q8=1: cita verificada (Developmental Psychology, 60(11), 2144-2156; DOI correcto), pero el estudio analiza temperamento → configuraciones de apego, no apego → resultados socioemocionales; respalda el argumento solo de forma indirecta. | AB12: De acuerdo con la revisión del modelo Opus 5
A13: PSY-012 | B13: reasoning | C13: doble disociación / neuropsicología | D13: hard | E13: ACCEPT | F13: ACCEPT | G13: ACCEPT | H13: ACCEPT | I13: ACCEPT | J13: ACCEPT | K13: ACCEPT | L13: ACCEPT | M13: 2 | N13: 2 | O13: 2 | P13: 2 | Q13: 2 | R13: 2 | S13: 2 | T13: 2 | U13: 2 | V13: =SUM(M13:S13,IF(ISNUMBER(T13),T13,0),U13) -> 18 | W13: =COUNT(M13:U13)*2 -> 18 | X13: =IF(W13=0,"",V13/W13) -> 1 | Y13: =IF(COUNTIF(E13:L13,"REJECT")>0,"REJECT",IF(COUNTIF(E13:L13,"REVISE")>0,"REVISE",IF(W13=0,"",IF(OR(AND(ISNUMBER(M13),M13=0),AND(ISNUMBER(N13),N13=0),AND(ISNUMBER(O13),O13=0),AND(ISNUMBER(P13),P13=0)),"REVISE",IF(X13>=16/18,"ACCEPT",IF(X13>=14/18,"REVISE","REJECT")))))) -> ACCEPT | Z13: ACCEPT | AA13: Gates OK; 18/18. Ítem de referencia del piloto: exige la lógica de la doble disociación más una precaución metodológica explícita, y la fuente (Shallice, 1988) es canónica. Sin solapamiento temático ni cognitivo con el resto del piloto. | AB13: De acuerdo con la revisión del modelo Opus 5
A14: PSY-013 | B14: critical_analysis | C14: amenaza del estereotipo | D14: hard | E14: ACCEPT | F14: ACCEPT | G14: ACCEPT | H14: ACCEPT | I14: ACCEPT | J14: ACCEPT | K14: ACCEPT | L14: ACCEPT | M14: 2 | N14: 2 | O14: 2 | P14: 2 | Q14: 2 | R14: 2 | S14: 2 | T14: 2 | U14: 2 | V14: =SUM(M14:S14,IF(ISNUMBER(T14),T14,0),U14) -> 18 | W14: =COUNT(M14:U14)*2 -> 18 | X14: =IF(W14=0,"",V14/W14) -> 1 | Y14: =IF(COUNTIF(E14:L14,"REJECT")>0,"REJECT",IF(COUNTIF(E14:L14,"REVISE")>0,"REVISE",IF(W14=0,"",IF(OR(AND(ISNUMBER(M14),M14=0),AND(ISNUMBER(N14),N14=0),AND(ISNUMBER(O14),O14=0),AND(ISNUMBER(P14),P14=0)),"REVISE",IF(X14>=16/18,"ACCEPT",IF(X14>=14/18,"REVISE","REJECT")))))) -> ACCEPT | Z14: ACCEPT | AA14: Gates OK; 18/18. Los criterios exigen identificar tres saltos inferenciales concretos, lo que hace la evaluación reproducible. Q8=2: fuente verificada (JAP, 104(12), 1514-1534; DOI 10.1037/apl0000420) y especialmente adecuada, porque concluye efectos de negligibles a pequeños en contextos operativos y detecta sesgo de publicación, justo lo que ignora la afirmación criticada. | AB14: De acuerdo con la revisión del modelo Opus 5
A15: PSY-014 | B15: critical_analysis | C15: psicoterapia / evidencia | D15: hard | E15: ACCEPT | F15: ACCEPT | G15: ACCEPT | H15: ACCEPT | I15: ACCEPT | J15: ACCEPT | K15: ACCEPT | L15: ACCEPT | M15: 2 | N15: 2 | O15: 2 | P15: 2 | Q15: 2 | R15: 2 | S15: 2 | T15: 2 | U15: 2 | V15: =SUM(M15:S15,IF(ISNUMBER(T15),T15,0),U15) -> 18 | W15: =COUNT(M15:U15)*2 -> 18 | X15: =IF(W15=0,"",V15/W15) -> 1 | Y15: =IF(COUNTIF(E15:L15,"REJECT")>0,"REJECT",IF(COUNTIF(E15:L15,"REVISE")>0,"REVISE",IF(W15=0,"",IF(OR(AND(ISNUMBER(M15),M15=0),AND(ISNUMBER(N15),N15=0),AND(ISNUMBER(O15),O15=0),AND(ISNUMBER(P15),P15=0)),"REVISE",IF(X15>=16/18,"ACCEPT",IF(X15>=14/18,"REVISE","REJECT")))))) -> ACCEPT | Z15: ACCEPT | AA15: Gates OK; 18/18. La crítica al comparador (lista de espera vs tratamientos activos) es específica y evaluable, y no se solapa con PSY-030 (evidencia grupal vs individual) ni con PSY-018 (estudio único). Fuentes Cuijpers pertinentes; no se han podido comprobar de forma independiente sus datos bibliográficos exactos. | AB15: De acuerdo con la revisión del modelo Opus 5
A16: PSY-015 | B16: critical_analysis | C16: p-valores | D16: hard | E16: ACCEPT | F16: ACCEPT | G16: ACCEPT | H16: ACCEPT | I16: ACCEPT | J16: ACCEPT | K16: ACCEPT | L16: ACCEPT | M16: 2 | N16: 2 | O16: 1 | P16: 2 | Q16: 2 | R16: 2 | S16: 1 | T16: 2 | U16: 2 | V16: =SUM(M16:S16,IF(ISNUMBER(T16),T16,0),U16) -> 16 | W16: =COUNT(M16:U16)*2 -> 18 | X16: =IF(W16=0,"",V16/W16) -> 0.88888889 | Y16: =IF(COUNTIF(E16:L16,"REJECT")>0,"REJECT",IF(COUNTIF(E16:L16,"REVISE")>0,"REVISE",IF(W16=0,"",IF(OR(AND(ISNUMBER(M16),M16=0),AND(ISNUMBER(N16),N16=0),AND(ISNUMBER(O16),O16=0),AND(ISNUMBER(P16),P16=0)),"REVISE",IF(X16>=16/18,"ACCEPT",IF(X16>=14/18,"REVISE","REJECT")))))) -> ACCEPT | Z16: ACCEPT | AA16: Gates OK. Q3=1: rechazar la lectura '1-p' está muy saturado en el material de entrenamiento de los LLM; lo discriminativo es la definición condicional completa. Q7=1: comparte tema y fuente (declaración ASA) con PSY-028, aunque la falacia evaluada es distinta (definición vs magnitud/relevancia). | AB16: De acuerdo con la revisión del modelo Opus 5
A17: PSY-016 | B17: critical_analysis | C17: estabilidad de la personalidad | D17: hard | E17: ACCEPT | F17: ACCEPT | G17: ACCEPT | H17: ACCEPT | I17: ACCEPT | J17: ACCEPT | K17: ACCEPT | L17: ACCEPT | M17: 2 | N17: 2 | O17: 2 | P17: 2 | Q17: 2 | R17: 2 | S17: 2 | T17: 2 | U17: 2 | V17: =SUM(M17:S17,IF(ISNUMBER(T17),T17,0),U17) -> 18 | W17: =COUNT(M17:U17)*2 -> 18 | X17: =IF(W17=0,"",V17/W17) -> 1 | Y17: =IF(COUNTIF(E17:L17,"REJECT")>0,"REJECT",IF(COUNTIF(E17:L17,"REVISE")>0,"REVISE",IF(W17=0,"",IF(OR(AND(ISNUMBER(M17),M17=0),AND(ISNUMBER(N17),N17=0),AND(ISNUMBER(O17),O17=0),AND(ISNUMBER(P17),P17=0)),"REVISE",IF(X17>=16/18,"ACCEPT",IF(X17>=14/18,"REVISE","REJECT")))))) -> ACCEPT | Z17: ACCEPT | AA17: Gates OK; 18/18. Distinguir estabilidad relativa, cambio de nivel medio e inmutabilidad exige integrar varios conceptos, no solo negar la afirmación. Roberts, Walton & Viechtbauer (2006) respalda directamente el cambio normativo. La edad de 18 años funciona como cebo deliberado y está declarada como tal en las notas del ítem. | AB17: De acuerdo con la revisión del modelo Opus 5
A18: PSY-017 | B18: critical_analysis | C18: teoría de la autodeterminación | D18: hard | E18: ACCEPT | F18: ACCEPT | G18: ACCEPT | H18: ACCEPT | I18: ACCEPT | J18: ACCEPT | K18: ACCEPT | L18: ACCEPT | M18: 2 | N18: 2 | O18: 1 | P18: 2 | Q18: 2 | R18: 2 | S18: 1 | T18: 1 | U18: 2 | V18: =SUM(M18:S18,IF(ISNUMBER(T18),T18,0),U18) -> 15 | W18: =COUNT(M18:U18)*2 -> 18 | X18: =IF(W18=0,"",V18/W18) -> 0.83333333 | Y18: =IF(COUNTIF(E18:L18,"REJECT")>0,"REJECT",IF(COUNTIF(E18:L18,"REVISE")>0,"REVISE",IF(W18=0,"",IF(OR(AND(ISNUMBER(M18),M18=0),AND(ISNUMBER(N18),N18=0),AND(ISNUMBER(O18),O18=0),AND(ISNUMBER(P18),P18=0)),"REVISE",IF(X18>=16/18,"ACCEPT",IF(X18>=14/18,"REVISE","REJECT")))))) -> REVISE | Z18: REVISE | AA18: Gates OK. Q3=1: detectar el absolutismo de 'siempre' es fácil para cualquier modelo competente. Q7=1: saturación de la teoría de la autodeterminación (ver PSY-006). Q8=1: Ryan & Deci (2000) sostiene el matiz, pero para recompensas y motivación intrínseca la fuente más fuerte sería Deci, Koestner & Ryan (1999). Discrepancia de metadatos: JSON 'medium', plantilla 'hard'; Q6 puntuado sobre 'medium'. | AB18: De acuerdo con la revisión del modelo Opus 5
A19: PSY-018 | B19: critical_analysis | C19: replicación / evidencia científica | D19: hard | E19: ACCEPT | F19: ACCEPT | G19: ACCEPT | H19: ACCEPT | I19: ACCEPT | J19: ACCEPT | K19: ACCEPT | L19: ACCEPT | M19: 2 | N19: 2 | O19: 1 | P19: 2 | Q19: 2 | R19: 2 | S19: 1 | T19: NA | U19: 2 | V19: =SUM(M19:S19,IF(ISNUMBER(T19),T19,0),U19) -> 14 | W19: =COUNT(M19:U19)*2 -> 16 | X19: =IF(W19=0,"",V19/W19) -> 0.875 | Y19: =IF(COUNTIF(E19:L19,"REJECT")>0,"REJECT",IF(COUNTIF(E19:L19,"REVISE")>0,"REVISE",IF(W19=0,"",IF(OR(AND(ISNUMBER(M19),M19=0),AND(ISNUMBER(N19),N19=0),AND(ISNUMBER(O19),O19=0),AND(ISNUMBER(P19),P19=0)),"REVISE",IF(X19>=16/18,"ACCEPT",IF(X19>=14/18,"REVISE","REJECT")))))) -> REVISE | Z19: REVISE | AA19: Gates OK. Q3=1: enumerar limitaciones de un estudio único es respuesta estándar. Q7=1: solapa con PSY-022, que aplica la misma lógica de evidencia insuficiente al caso concreto de n=20; conviene decidir cuál conserva ese rol. Q8=NA → RUBRIC_ISSUE (umbral/NA, ver PSY-007). | AB19: De acuerdo con la revisión del modelo Opus 5
A20: PSY-019 | B20: uncertainty | C20: inferencia clínica bajo incertidumbre | D20: medium | E20: ACCEPT | F20: ACCEPT | G20: ACCEPT | H20: ACCEPT | I20: ACCEPT | J20: ACCEPT | K20: ACCEPT | L20: ACCEPT | M20: 2 | N20: 2 | O20: 1 | P20: 2 | Q20: 2 | R20: 2 | S20: 2 | T20: NA | U20: 2 | V20: =SUM(M20:S20,IF(ISNUMBER(T20),T20,0),U20) -> 15 | W20: =COUNT(M20:U20)*2 -> 16 | X20: =IF(W20=0,"",V20/W20) -> 0.9375 | Y20: =IF(COUNTIF(E20:L20,"REJECT")>0,"REJECT",IF(COUNTIF(E20:L20,"REVISE")>0,"REVISE",IF(W20=0,"",IF(OR(AND(ISNUMBER(M20),M20=0),AND(ISNUMBER(N20),N20=0),AND(ISNUMBER(O20),O20=0),AND(ISNUMBER(P20),P20=0)),"REVISE",IF(X20>=16/18,"ACCEPT",IF(X20>=14/18,"REVISE","REJECT")))))) -> ACCEPT | Z20: ACCEPT | AA20: G6=ACCEPT pese a rozar el límite: el propósito declarado es delimitar qué NO puede concluirse, no diagnosticar, que es justo lo que la sección 4 (G6) permite. Q3=1: los modelos actuales rechazan diagnosticar de forma casi automática. Discrepancia de metadatos: JSON 'hard', plantilla 'medium'; Q6 puntuado sobre 'hard'. Q8=NA → RUBRIC_ISSUE (umbral/NA). | AB20: De acuerdo con la revisión del modelo Opus 5
A21: PSY-020 | B21: uncertainty | C21: sueño y ansiedad / causalidad | D21: medium | E21: ACCEPT | F21: ACCEPT | G21: ACCEPT | H21: ACCEPT | I21: ACCEPT | J21: ACCEPT | K21: ACCEPT | L21: ACCEPT | M21: 2 | N21: 2 | O21: 1 | P21: 2 | Q21: 2 | R21: 2 | S21: 0 | T21: NA | U21: 2 | V21: =SUM(M21:S21,IF(ISNUMBER(T21),T21,0),U21) -> 13 | W21: =COUNT(M21:U21)*2 -> 16 | X21: =IF(W21=0,"",V21/W21) -> 0.8125 | Y21: =IF(COUNTIF(E21:L21,"REJECT")>0,"REJECT",IF(COUNTIF(E21:L21,"REVISE")>0,"REVISE",IF(W21=0,"",IF(OR(AND(ISNUMBER(M21),M21=0),AND(ISNUMBER(N21),N21=0),AND(ISNUMBER(O21),O21=0),AND(ISNUMBER(P21),P21=0)),"REVISE",IF(X21>=16/18,"ACCEPT",IF(X21>=14/18,"REVISE","REJECT")))))) -> REVISE | Z21: REVISE | AA21: Gates OK, pero Q7=0: es sustancialmente redundante con PSY-009 (misma inferencia: asociación observada → rechazar causalidad + alternativas) y su escenario sueño-ansiedad es exactamente el que PSY-026 usa en su respuesta esperada. Es el patrón que la sección 9 de la rúbrica desaconseja de forma explícita. Recomendación: rediseñar escenario y demanda, o eliminarlo. Q8=NA → RUBRIC_ISSUE (umbral/NA). | AB21: De acuerdo con la revisión del modelo Opus 5
A22: PSY-021 | B22: uncertainty | C22: memoria autobiográfica / confianza | D22: hard | E22: ACCEPT | F22: ACCEPT | G22: ACCEPT | H22: ACCEPT | I22: ACCEPT | J22: ACCEPT | K22: ACCEPT | L22: ACCEPT | M22: 2 | N22: 2 | O22: 1 | P22: 2 | Q22: 2 | R22: 1 | S22: 1 | T22: 1 | U22: 2 | V22: =SUM(M22:S22,IF(ISNUMBER(T22),T22,0),U22) -> 14 | W22: =COUNT(M22:U22)*2 -> 18 | X22: =IF(W22=0,"",V22/W22) -> 0.77777778 | Y22: =IF(COUNTIF(E22:L22,"REJECT")>0,"REJECT",IF(COUNTIF(E22:L22,"REVISE")>0,"REVISE",IF(W22=0,"",IF(OR(AND(ISNUMBER(M22),M22=0),AND(ISNUMBER(N22),N22=0),AND(ISNUMBER(O22),O22=0),AND(ISNUMBER(P22),P22=0)),"REVISE",IF(X22>=16/18,"ACCEPT",IF(X22>=14/18,"REVISE","REJECT")))))) -> REVISE | Z22: REVISE | AA22: Gates OK. Q6=1: etiquetado 'hard', pero la demanda es una distinción conceptual (confianza vs exactitud), más propia de 'medium'. Q7=1: mismo contenido que PSY-027, que lo evalúa como comunicación. Q8=1: Koriat (1997) trata juicios de aprendizaje durante el estudio, no memoria autobiográfica; la nota del ítem lo reconoce, pero existen fuentes más directas sobre la relación confianza-exactitud. | AB22: De acuerdo con la revisión del modelo Opus 5
A23: PSY-022 | B23: uncertainty | C23: generalización de una intervención | D23: hard | E23: ACCEPT | F23: ACCEPT | G23: ACCEPT | H23: ACCEPT | I23: ACCEPT | J23: ACCEPT | K23: ACCEPT | L23: ACCEPT | M23: 2 | N23: 2 | O23: 2 | P23: 2 | Q23: 2 | R23: 2 | S23: 1 | T23: NA | U23: 2 | V23: =SUM(M23:S23,IF(ISNUMBER(T23),T23,0),U23) -> 15 | W23: =COUNT(M23:U23)*2 -> 16 | X23: =IF(W23=0,"",V23/W23) -> 0.9375 | Y23: =IF(COUNTIF(E23:L23,"REJECT")>0,"REJECT",IF(COUNTIF(E23:L23,"REVISE")>0,"REVISE",IF(W23=0,"",IF(OR(AND(ISNUMBER(M23),M23=0),AND(ISNUMBER(N23),N23=0),AND(ISNUMBER(O23),O23=0),AND(ISNUMBER(P23),P23=0)),"REVISE",IF(X23>=16/18,"ACCEPT",IF(X23>=14/18,"REVISE","REJECT")))))) -> ACCEPT | Z23: ACCEPT | AA23: Gates OK. Q3=2: separar inferencia intraestudio de generalización poblacional discrimina bien entre modelos. Q7=1: solapa con PSY-018 (ver nota). Q8=NA → RUBRIC_ISSUE (umbral/NA): 15/16 (94 %) sale REVISE por el tope de la fórmula, no por deficiencias del ítem. | AB23: De acuerdo con la revisión del modelo Opus 5
A24: PSY-023 | B24: uncertainty | C24: emoción y conducta observable | D24: medium | E24: ACCEPT | F24: ACCEPT | G24: ACCEPT | H24: ACCEPT | I24: ACCEPT | J24: ACCEPT | K24: ACCEPT | L24: ACCEPT | M24: 2 | N24: 2 | O24: 1 | P24: 2 | Q24: 2 | R24: 2 | S24: 2 | T24: NA | U24: 2 | V24: =SUM(M24:S24,IF(ISNUMBER(T24),T24,0),U24) -> 15 | W24: =COUNT(M24:U24)*2 -> 16 | X24: =IF(W24=0,"",V24/W24) -> 0.9375 | Y24: =IF(COUNTIF(E24:L24,"REJECT")>0,"REJECT",IF(COUNTIF(E24:L24,"REVISE")>0,"REVISE",IF(W24=0,"",IF(OR(AND(ISNUMBER(M24),M24=0),AND(ISNUMBER(N24),N24=0),AND(ISNUMBER(O24),O24=0),AND(ISNUMBER(P24),P24=0)),"REVISE",IF(X24>=16/18,"ACCEPT",IF(X24>=14/18,"REVISE","REJECT")))))) -> ACCEPT | Z24: ACCEPT | AA24: Gates OK. G7=ACCEPT: el contacto visual tiene carga cultural, pero el ítem pide alternativas y no presupone una norma comunicativa concreta. Q3=1: generar explicaciones alternativas de una conducta observable es sencillo para los modelos actuales. Q8=NA → RUBRIC_ISSUE (umbral/NA). | AB24: De acuerdo con la revisión del modelo Opus 5
A25: PSY-024 | B25: uncertainty | C25: eficacia de una intervención / atribución causal | D25: hard | E25: ACCEPT | F25: ACCEPT | G25: ACCEPT | H25: ACCEPT | I25: ACCEPT | J25: ACCEPT | K25: ACCEPT | L25: ACCEPT | M25: 2 | N25: 2 | O25: 1 | P25: 2 | Q25: 2 | R25: 2 | S25: 2 | T25: NA | U25: 2 | V25: =SUM(M25:S25,IF(ISNUMBER(T25),T25,0),U25) -> 15 | W25: =COUNT(M25:U25)*2 -> 16 | X25: =IF(W25=0,"",V25/W25) -> 0.9375 | Y25: =IF(COUNTIF(E25:L25,"REJECT")>0,"REJECT",IF(COUNTIF(E25:L25,"REVISE")>0,"REVISE",IF(W25=0,"",IF(OR(AND(ISNUMBER(M25),M25=0),AND(ISNUMBER(N25),N25=0),AND(ISNUMBER(O25),O25=0),AND(ISNUMBER(P25),P25=0)),"REVISE",IF(X25>=16/18,"ACCEPT",IF(X25>=14/18,"REVISE","REJECT")))))) -> ACCEPT | Z25: ACCEPT | AA25: Gates OK. Q3=1: reconocer cambios concurrentes como fuente de confusión es directo. Q7=1: comparte el núcleo 'precedencia temporal ≠ causalidad' con PSY-011, aunque aquí la fuente de incertidumbre son cambios simultáneos y no el diseño longitudinal. Q8=NA → RUBRIC_ISSUE (umbral/NA). | AB25: Yo puntuaría Q7=2. Los cambios simultáneos son suficientemente diferentes del diseño longirudinal de la pregunta PSY-011
A26: PSY-025 | B26: communication | C26: condicionamiento clásico | D26: medium | E26: ACCEPT | F26: ACCEPT | G26: ACCEPT | H26: ACCEPT | I26: ACCEPT | J26: ACCEPT | K26: ACCEPT | L26: ACCEPT | M26: 2 | N26: 2 | O26: 1 | P26: 1 | Q26: 2 | R26: 2 | S26: 2 | T26: NA | U26: 2 | V26: =SUM(M26:S26,IF(ISNUMBER(T26),T26,0),U26) -> 14 | W26: =COUNT(M26:U26)*2 -> 16 | X26: =IF(W26=0,"",V26/W26) -> 0.875 | Y26: =IF(COUNTIF(E26:L26,"REJECT")>0,"REJECT",IF(COUNTIF(E26:L26,"REVISE")>0,"REVISE",IF(W26=0,"",IF(OR(AND(ISNUMBER(M26),M26=0),AND(ISNUMBER(N26),N26=0),AND(ISNUMBER(O26),O26=0),AND(ISNUMBER(P26),P26=0)),"REVISE",IF(X26>=16/18,"ACCEPT",IF(X26>=14/18,"REVISE","REJECT")))))) -> REVISE | Z26: REVISE | AA26: Gates OK. Q4=1: 'evita jerga no explicada' y 'comprensible' dejan un margen de juicio subjetivo relevante; no hay criterios operativos de adaptación a la audiencia. Q3=1: explicar condicionamiento clásico en lenguaje llano es fácil. Discrepancia de metadatos: JSON 'easy', plantilla 'medium'; Q6 puntuado sobre 'easy'. Q8=NA → RUBRIC_ISSUE (umbral/NA). | AB26: De acuerdo con la revisión del modelo Opus 5
A27: PSY-026 | B27: communication | C27: correlación y causalidad | D27: medium | E27: ACCEPT | F27: ACCEPT | G27: ACCEPT | H27: ACCEPT | I27: ACCEPT | J27: ACCEPT | K27: ACCEPT | L27: ACCEPT | M27: 2 | N27: 2 | O27: 1 | P27: 2 | Q27: 2 | R27: 2 | S27: 2 | T27: NA | U27: 2 | V27: =SUM(M27:S27,IF(ISNUMBER(T27),T27,0),U27) -> 15 | W27: =COUNT(M27:U27)*2 -> 16 | X27: =IF(W27=0,"",V27/W27) -> 0.9375 | Y27: =IF(COUNTIF(E27:L27,"REJECT")>0,"REJECT",IF(COUNTIF(E27:L27,"REVISE")>0,"REVISE",IF(W27=0,"",IF(OR(AND(ISNUMBER(M27),M27=0),AND(ISNUMBER(N27),N27=0),AND(ISNUMBER(O27),O27=0),AND(ISNUMBER(P27),P27=0)),"REVISE",IF(X27>=16/18,"ACCEPT",IF(X27>=14/18,"REVISE","REJECT")))))) -> ACCEPT | Z27: ACCEPT | AA27: Gates OK. Q7=1: el ejemplo sueño-ansiedad coincide con el escenario de PSY-020 y el principio con PSY-009; se salva porque el constructo evaluado es la adaptación al destinatario, no la inferencia causal. Q3=1: tarea comunicativa muy frecuente. Q8=NA → RUBRIC_ISSUE (umbral/NA). | AB27: Yo puntuaría Q7=2, pero no por el ejemplo, pues es un ejemplo de explicación
A28: PSY-027 | B28: communication | C28: confianza y exactitud de la memoria | D28: medium | E28: ACCEPT | F28: ACCEPT | G28: ACCEPT | H28: ACCEPT | I28: ACCEPT | J28: ACCEPT | K28: ACCEPT | L28: ACCEPT | M28: 2 | N28: 2 | O28: 2 | P28: 1 | Q28: 2 | R28: 2 | S28: 1 | T28: 2 | U28: 2 | V28: =SUM(M28:S28,IF(ISNUMBER(T28),T28,0),U28) -> 16 | W28: =COUNT(M28:U28)*2 -> 18 | X28: =IF(W28=0,"",V28/W28) -> 0.88888889 | Y28: =IF(COUNTIF(E28:L28,"REJECT")>0,"REJECT",IF(COUNTIF(E28:L28,"REVISE")>0,"REVISE",IF(W28=0,"",IF(OR(AND(ISNUMBER(M28),M28=0),AND(ISNUMBER(N28),N28=0),AND(ISNUMBER(O28),O28=0),AND(ISNUMBER(P28),P28=0)),"REVISE",IF(X28>=16/18,"ACCEPT",IF(X28>=14/18,"REVISE","REJECT")))))) -> ACCEPT | Z28: ACCEPT | AA28: Gates OK. Q3=2: equilibrar empatía y precisión sin validar el recuerdo ni negarlo por completo discrimina de verdad entre modelos. Q4=1: el tono y la 'no invalidación' dependen de juicio subjetivo. Q7=1: mismo contenido que PSY-021, en dimensión distinta. Q8=2: Loftus (2005) es directamente pertinente. | AB28: De acuerdo con la revisión del modelo Opus 5
A29: PSY-028 | B29: communication | C29: tamaño del efecto y significación | D29: medium | E29: ACCEPT | F29: ACCEPT | G29: ACCEPT | H29: ACCEPT | I29: ACCEPT | J29: ACCEPT | K29: ACCEPT | L29: ACCEPT | M29: 2 | N29: 2 | O29: 2 | P29: 2 | Q29: 2 | R29: 2 | S29: 1 | T29: 2 | U29: 2 | V29: =SUM(M29:S29,IF(ISNUMBER(T29),T29,0),U29) -> 17 | W29: =COUNT(M29:U29)*2 -> 18 | X29: =IF(W29=0,"",V29/W29) -> 0.94444444 | Y29: =IF(COUNTIF(E29:L29,"REJECT")>0,"REJECT",IF(COUNTIF(E29:L29,"REVISE")>0,"REVISE",IF(W29=0,"",IF(OR(AND(ISNUMBER(M29),M29=0),AND(ISNUMBER(N29),N29=0),AND(ISNUMBER(O29),O29=0),AND(ISNUMBER(P29),P29=0)),"REVISE",IF(X29>=16/18,"ACCEPT",IF(X29>=14/18,"REVISE","REJECT")))))) -> ACCEPT | Z29: ACCEPT | AA29: Gates OK. Q3=2: exige construir un ejemplo coherente con muestra grande y efecto trivial, algo que los modelos débiles fallan con frecuencia. Q7=1: comparte tema y fuente (declaración ASA) con PSY-015. Discrepancia de metadatos: JSON 'hard', plantilla 'medium'; Q6 puntuado sobre 'hard'. | AB29: De acuerdo con la revisión del modelo Opus 5
A30: PSY-029 | B30: communication | C30: motivación autónoma | D30: medium | E30: ACCEPT | F30: ACCEPT | G30: ACCEPT | H30: ACCEPT | I30: ACCEPT | J30: ACCEPT | K30: ACCEPT | L30: ACCEPT | M30: 2 | N30: 2 | O30: 2 | P30: 2 | Q30: 2 | R30: 2 | S30: 1 | T30: 2 | U30: 2 | V30: =SUM(M30:S30,IF(ISNUMBER(T30),T30,0),U30) -> 17 | W30: =COUNT(M30:U30)*2 -> 18 | X30: =IF(W30=0,"",V30/W30) -> 0.94444444 | Y30: =IF(COUNTIF(E30:L30,"REJECT")>0,"REJECT",IF(COUNTIF(E30:L30,"REVISE")>0,"REVISE",IF(W30=0,"",IF(OR(AND(ISNUMBER(M30),M30=0),AND(ISNUMBER(N30),N30=0),AND(ISNUMBER(O30),O30=0),AND(ISNUMBER(P30),P30=0)),"REVISE",IF(X30>=16/18,"ACCEPT",IF(X30>=14/18,"REVISE","REJECT")))))) -> ACCEPT | Z30: ACCEPT | AA30: Gates OK. Q3=2: la trampa 'autonomía = motivación intrínseca' es un discriminador real y está recogida en los errores críticos. Q7=1: cuarto ítem de teoría de la autodeterminación del piloto (ver PSY-006). Q8=2: Howard et al. (2021) es un metaanálisis pertinente; no verificado de forma independiente. | AB30: De acuerdo con la revisión del modelo Opus 5
A31: PSY-030 | B31: communication | C31: evidencia sobre psicoterapia | D31: medium | E31: ACCEPT | F31: ACCEPT | G31: ACCEPT | H31: ACCEPT | I31: ACCEPT | J31: ACCEPT | K31: ACCEPT | L31: ACCEPT | M31: 2 | N31: 2 | O31: 2 | P31: 2 | Q31: 2 | R31: 2 | S31: 1 | T31: 2 | U31: 2 | V31: =SUM(M31:S31,IF(ISNUMBER(T31),T31,0),U31) -> 17 | W31: =COUNT(M31:U31)*2 -> 18 | X31: =IF(W31=0,"",V31/W31) -> 0.94444444 | Y31: =IF(COUNTIF(E31:L31,"REJECT")>0,"REJECT",IF(COUNTIF(E31:L31,"REVISE")>0,"REVISE",IF(W31=0,"",IF(OR(AND(ISNUMBER(M31),M31=0),AND(ISNUMBER(N31),N31=0),AND(ISNUMBER(O31),O31=0),AND(ISNUMBER(P31),P31=0)),"REVISE",IF(X31>=16/18,"ACCEPT",IF(X31>=14/18,"REVISE","REJECT")))))) -> ACCEPT | Z31: ACCEPT | AA31: G6=ACCEPT: el enunciado pide explícitamente no convertir la respuesta en recomendación clínica personalizada. Q3=2: exige separar evidencia poblacional de resultado individual sin prometer eficacia ni declarar irrelevante la evidencia. Q7=1: comparte objeto (evidencia sobre TCC en depresión) con PSY-014 y lógica de generalización con PSY-022. Discrepancia de metadatos: JSON 'hard', plantilla 'medium'. | AB31: De acuerdo con la revisión del modelo Opus 5

Sheet Instrucciones
A1: Elemento | B1: Uso
A2: GATES | B2: Marca G1-G8 como ACCEPT / REVISE / REJECT. La decisión sugerida prioriza cualquier REJECT y después cualquier REVISE.
A3: Q1-Q9 | B3: Puntúa cada criterio de 0 a 2. Q8 permite NA cuando no se requiere fuente externa.
A4: Q Total | B4: Se calcula automáticamente.
A5: Q Máx. | B5: Se calcula automáticamente según los criterios con puntuación numérica.
A6: Score % | B6: Q Total / Q Máx. Es descriptivo y no sustituye los umbrales de la QQR.
A7: Decisión sugerida | B7: Automática, basada en % (no en puntos absolutos), para no penalizar los ítems con Q8=N/A: Gate REJECT -> REJECT; Gate REVISE -> REVISE; si todos ACCEPT, se aplica veto (cualquier Q1-Q4=0 -> máximo REVISE), y si no hay veto: Score % >= 16/18 (88.9%) -> ACCEPT; >= 14/18 (77.8%) -> REVISE; por debajo -> REJECT.
A8: Decisión final | B8: Campo manual para la decisión definitiva del revisor.
A9: Notas | B9: Justificación breve, problemas detectados y cualquier RUBRIC_ISSUE.
A10: Reviewer / Fecha | B10: Registra quién revisó el ítem y cuándo.
A11: IMPORTANTE | B11: Resuelto (04/09/2026): el schema ahora usa el patrón literal ^PSY-[0-9]{3}$, alineado con los IDs del piloto (PSY-001...PSY-030). Ver PR #1.

Sheet Resumen
A1: Métrica | B1: Valor
A2: Ítems piloto | B2: =COUNTA('Evaluación piloto'!A2:A31) -> 30
A3: Revisados | B3: =COUNTIF('Evaluación piloto'!Z2:Z31,"<>") -> 30
A4: ACCEPT finales | B4: =COUNTIF('Evaluación piloto'!Z2:Z31,"ACCEPT") -> 22
A5: REVISE finales | B5: =COUNTIF('Evaluación piloto'!Z2:Z31,"REVISE") -> 8
A6: REJECT finales | B6: =COUNTIF('Evaluación piloto'!Z2:Z31,"REJECT") -> 0
A7: Media Q Total | B7: =IFERROR(AVERAGE('Evaluación piloto'!V2:V31),"") -> 15.666667
